project	n_tumours	n_ars_cyto	n_ars_mito	n_rp	n_mrp	n_atf4_trrust	purity_used	n_adjusted	ars_cyto_rho_raw	null95_raw	p_raw	ars_cyto_rho_adj	null95_adj	p_adj	ars_mito_rho_adj	rp_rho_adj	atf4_ARS_cyto	atf4_ARS_mito	atf4_RP	atf4_MRP	atf4upr_ARS_cyto	atf4_ARS_cyto_beyond_RP	status	fdr_adj
THCA	505	20.0	16.0	77.0	73.0	35.0	True	463.0	0.562	0.4528	0.0009990009990009	0.3582	0.2564	0.0009990009990009	0.3115	0.7106	0.2647	0.0649	0.335	0.2316	0.8124	0.1686	done	0.0014076832258649045
PCPG	179	20.0	16.0	77.0	72.0	35.0	True	161.0	0.5717	0.4009	0.0009990009990009	0.3081	0.1348	0.0009990009990009	0.2282	0.5813	0.2051	-0.0449	0.1988	0.0566	0.8386	0.1648	done	0.0014076832258649045
PRAD	497	20.0	16.0	79.0	73.0	35.0	True	472.0	0.4725	0.2807	0.0009990009990009	0.3049	0.1514	0.0009990009990009	0.2587	0.7068	-0.0681	-0.1538	-0.1224	-0.0444	0.7359	-0.0215	done	0.0014076832258649045
TGCT	150	20.0	16.0	81.0	73.0	35.0	True	149.0	0.5417	0.2675	0.0009990009990009	0.3025	0.0755	0.0009990009990009	0.1571	0.5185	0.3436	-0.1728	-0.0905	0.2911	0.3335	0.4289	done	0.0014076832258649045
KICH	66	20.0	16.0	77.0	71.0	35.0	True	66.0	0.6468	0.4485	0.0009990009990009	0.2955	0.2263	0.0039960039960039	0.39	0.4768	0.4036	-0.0773	-0.0811	0.1565	0.7551	0.3841	done	0.0047644663029277265
LAML	151	20.0	16.0	79.0	73.0	35.0	True	99.0	0.4194	0.2405	0.0009990009990009	0.2839	0.1851	0.0009990009990009	0.3459	0.6782	0.274	0.0233	-0.0175	0.0261	0.8546	0.2923	done	0.0014076832258649045
KIRP	290	20.0	16.0	77.0	73.0	35.0	True	285.0	0.5612	0.4254	0.0009990009990009	0.2819	0.2073	0.0009990009990009	0.3777	0.6483	0.1206	-0.0464	0.3793	0.1358	0.7342	0.0715	done	0.0014076832258649045
LIHC	371	20.0	16.0	77.0	72.0	35.0	True	358.0	0.5009	0.2841	0.0009990009990009	0.2629	0.0941	0.0009990009990009	0.1774	0.6999	0.2879	0.0912	-0.1574	-0.0984	0.6985	0.3346	done	0.0014076832258649045
LGG	516	20.0	16.0	79.0	73.0	35.0	True	509.0	0.4382	0.2572	0.0009990009990009	0.2524	0.1396	0.0009990009990009	0.147	0.6931	0.288	0.1533	0.03	0.248	0.7611	0.2877	done	0.0014076832258649045
UCS	57	20.0	16.0	79.0	72.0	35.0	True	56.0	0.2787	0.1054	0.0009990009990009	0.226	0.0574	0.0009990009990009	0.1233	0.4371	0.3202	-0.0712	-0.2422	-0.0145	0.63	0.4939	done	0.0014076832258649045
KIRC	533	20.0	16.0	78.0	73.0	35.0	True	498.0	0.4979	0.3933	0.0009990009990009	0.2209	0.2009	0.0249750249750249	0.2628	0.6411	0.0805	-0.1245	0.3499	0.0524	0.783	-0.0069	done	0.02669744049054386
UCEC	545	20.0	16.0	79.0	73.0	35.0	True	529.0	0.5202	0.3128	0.0009990009990009	0.2118	0.1174	0.0009990009990009	0.1762	0.5497	0.3059	0.1201	-0.0664	0.0116	0.6667	0.3576	done	0.0014076832258649045
GBM	156	20.0	16.0	79.0	73.0	35.0	True	146.0	0.4461	0.1843	0.0009990009990009	0.1986	0.1025	0.0019980019980019	0.1346	0.6887	0.2847	0.0615	0.1363	0.0265	0.676	0.288	done	0.002580752580752454
ACC	79	20.0	16.0	78.0	72.0	35.0	True	77.0	0.6075	0.4876	0.0009990009990009	0.1977	0.1613	0.0039960039960039	0.313	0.6071	0.4981	0.3046	0.1515	0.275	0.8155	0.4873	done	0.0047644663029277265
STAD	412	20.0	16.0	79.0	72.0	35.0	True	400.0	0.5042	0.2552	0.0009990009990009	0.1899	0.0993	0.0009990009990009	0.1401	0.5081	0.2429	0.0295	-0.1555	0.0484	0.5463	0.2794	done	0.0014076832258649045
ESCA	184	20.0	16.0	79.0	73.0	35.0	True	161.0	0.3595	0.2087	0.0009990009990009	0.1864	0.0626	0.0009990009990009	0.1543	0.4909	0.1207	0.0724	0.0052	-0.0542	0.6051	0.1431	done	0.0014076832258649045
SARC	259	20.0	16.0	79.0	73.0	35.0	True	242.0	0.2922	0.1427	0.0009990009990009	0.1835	0.0654	0.0009990009990009	0.1135	0.6034	0.2747	0.0938	-0.0205	-0.0119	0.7381	0.3063	done	0.0014076832258649045
BLCA	406	20.0	16.0	79.0	73.0	35.0	True	395.0	0.4428	0.2189	0.0009990009990009	0.1834	0.0928	0.0009990009990009	0.1251	0.5355	0.3829	0.0663	0.0239	0.1145	0.6175	0.4134	done	0.0014076832258649045
UVM	80	20.0	16.0	78.0	71.0	35.0	True	80.0	0.4922	0.3849	0.0029970029970029	0.1831	0.153	0.0149850149850149	0.1906	0.6481	0.2801	-0.0817	-0.2936	0.2553	0.6934	0.3479	done	0.016590552304837924
CESC	304	20.0	16.0	79.0	73.0	35.0	True	291.0	0.3192	0.1913	0.0009990009990009	0.1792	0.0563	0.0009990009990009	0.1423	0.6015	0.3995	0.1367	-0.0138	0.0093	0.6524	0.4611	done	0.0014076832258649045
PAAD	178	20.0	16.0	79.0	73.0	35.0	True	158.0	0.4291	0.2744	0.0009990009990009	0.1761	0.1051	0.0009990009990009	0.1262	0.5738	0.1489	-0.0618	0.0214	0.0401	0.6938	0.1543	done	0.0014076832258649045
MESO	87	20.0	16.0	79.0	73.0	35.0	True	81.0	0.3378	0.1655	0.0009990009990009	0.1649	0.0718	0.0009990009990009	0.1482	0.5806	-0.019	-0.1239	-0.1838	-0.1696	0.551	0.0478	done	0.0014076832258649045
OV	421	20.0	16.0	79.0	73.0	35.0	True	409.0	0.3061	0.1781	0.0009990009990009	0.1604	0.0805	0.0009990009990009	0.1548	0.4761	0.3829	0.1658	-0.1176	-0.0433	0.6851	0.4081	done	0.0014076832258649045
READ	166	20.0	16.0	79.0	73.0	35.0	True	163.0	0.4277	0.1771	0.0009990009990009	0.1598	0.0755	0.0009990009990009	0.123	0.412	0.2476	0.062	0.0892	0.0491	0.6499	0.2246	done	0.0014076832258649045
LUAD	516	20.0	16.0	79.0	73.0	35.0	True	503.0	0.3583	0.1821	0.0009990009990009	0.155	0.1255	0.0099900099900099	0.1634	0.5989	0.2059	0.1214	0.1339	0.226	0.6657	0.1781	done	0.011470011470011367
SKCM	103	20.0	16.0	79.0	72.0	35.0	True	103.0	0.4248	0.3209	0.0009990009990009	0.1539	0.0857	0.0009990009990009	0.1227	0.5648	0.1699	0.0648	0.2382	0.1344	0.6785	0.1392	done	0.0014076832258649045
COAD	458	20.0	16.0	79.0	73.0	35.0	True	444.0	0.3812	0.1674	0.0009990009990009	0.1511	0.0796	0.0009990009990009	0.1263	0.4452	0.2828	-0.104	0.0165	-0.0211	0.585	0.2983	done	0.0014076832258649045
THYM	120	20.0	16.0	79.0	73.0	35.0	True	103.0	0.3538	0.2749	0.0049950049950049	0.1422	0.1542	0.0649350649350649	0.2374	0.6712	0.4854	0.5543	-0.5382	-0.292	0.7254	0.3851	done	0.0649350649350649
LUSC	501	20.0	16.0	79.0	73.0	35.0	True	493.0	0.3376	0.1776	0.0009990009990009	0.1398	0.0674	0.0009990009990009	0.0548	0.4915	0.2611	0.1354	-0.0053	0.0392	0.6071	0.2684	done	0.0014076832258649045
HNSC	520	20.0	16.0	80.0	71.0	35.0	True	507.0	0.333	0.2168	0.0009990009990009	0.139	0.0764	0.0019980019980019	0.0907	0.5949	0.1982	0.235	0.1248	0.1523	0.5071	0.168	done	0.002580752580752454
BRCA	1095	20.0	16.0	79.0	73.0	35.0	True	1046.0	0.3126	0.1843	0.0009990009990009	0.1358	0.1385	0.0569430569430569	0.165	0.5493	0.2633	0.1141	0.1601	0.1202	0.6719	0.2349	done	0.0588411588411588
