	AARS1	CARS1	DARS1	EPRS1	FARSA	FARSB	GARS1	HARS1	IARS1	KARS1	LARS1	MARS1	NARS1	QARS1	RARS1	SARS1	TARS1	VARS1	WARS1	YARS1
AARS1	0.9999999999999998	0.34657848984602535	0.2763866428100706	0.5080205066571519	0.31300690309139095	0.3072558960569798	0.3981052435744191	0.31192920739842445	0.35716836319196466	0.5004453240969816	0.3531787371172852	0.4993309111201518	0.40370103323750217	0.05991633304844586	0.30576039637120905	0.1909552564567028	0.4046014639751278	0.37757465412812413	0.08905887999482921	0.4853670178920103
CARS1	0.34657848984602535	0.9999999999999998	0.2963556094371849	0.30696032348775626	0.4055889420045599	0.34175054251628856	0.4988455288316454	0.3212311838063787	0.3316206821232462	0.26232336285419683	0.162449444120058	0.5114303457000339	0.3486123854863736	0.11645611633890049	0.30638455760814537	0.2573979450849476	0.45476896819930884	0.3574549315156435	0.21154838013741853	0.4721598851948625
DARS1	0.2763866428100706	0.2963556094371849	0.9999999999999998	0.44183644547782264	0.3239704271078309	0.6235512991785719	0.3819000232772132	0.33337180114909526	0.5385714022746031	0.4772621804678414	0.37604726715471654	0.364756036129817	0.400294699127825	0.20579528367848096	0.5494188022545883	0.3180325976634701	0.4548584959426462	0.3821861626793338	0.18168978593261484	0.36037135234494994
EPRS1	0.5080205066571519	0.30696032348775626	0.44183644547782264	0.9999999999999998	0.33398037145672943	0.5078719342752815	0.4764228906281047	0.33114509327142444	0.6778857450845066	0.44938586151673965	0.5109407706286113	0.39806088144345114	0.5150333676450228	0.22421004868125632	0.534569730420386	0.32940856071724745	0.5270983010254637	0.5199860424064532	0.042514323347132246	0.5146852139036148
FARSA	0.31300690309139095	0.4055889420045599	0.3239704271078309	0.33398037145672943	1.0	0.4261556050297038	0.3692795892309827	0.41016512890750956	0.35911470421626346	0.46944283761551464	0.2805634893757534	0.3513079720004373	0.3276308454002359	0.26867053634696536	0.4066223630966801	0.3060472848876421	0.38223718000354584	0.5262957072166722	0.1785084542250862	0.3573528776914089
FARSB	0.3072558960569798	0.34175054251628856	0.6235512991785719	0.5078719342752815	0.4261556050297038	0.9999999999999998	0.4860809688910744	0.31577339776506874	0.5242843899925539	0.47888730553373166	0.3359574424413036	0.39551942895098885	0.34835672918905763	0.1943557343393049	0.5274845920020849	0.33733984550873924	0.5269182847532505	0.478244714696918	0.14464626278445256	0.4806713969341333
GARS1	0.3981052435744191	0.4988455288316454	0.3819000232772132	0.4764228906281047	0.36927958923098275	0.4860809688910744	0.9999999999999998	0.30721908721048347	0.46343530754603834	0.35013287227273376	0.2084309804423369	0.49461306097566604	0.34056938771321243	0.057712727744385614	0.4711630368151846	0.27638433422550285	0.5893444516600408	0.3984205559192468	0.19392766070994188	0.5464851189605348
HARS1	0.3119292073984245	0.3212311838063787	0.33337180114909526	0.3311450932714245	0.41016512890750956	0.31577339776506874	0.3072190872104834	1.0	0.329628063743232	0.4064427746622244	0.6929911719747414	0.2415474342679637	0.3274124850458642	0.26737531006897375	0.5488770185286189	0.33738160337557166	0.21642541959961933	0.40221077630621593	0.16218400882053552	0.3384104226541531
IARS1	0.35716836319196466	0.33162068212324625	0.5385714022746031	0.6778857450845066	0.35911470421626346	0.5242843899925539	0.46343530754603823	0.329628063743232	1.0	0.3873237971144946	0.5106726789424346	0.45386873197134997	0.5228065271141656	0.2166638691065933	0.5610661121361675	0.3213639102470796	0.5989483459628961	0.43828678920511144	0.21533409822054003	0.4861276212768496
KARS1	0.5004453240969816	0.26232336285419683	0.4772621804678414	0.44938586151673965	0.46944283761551464	0.47888730553373166	0.35013287227273376	0.40644277466222445	0.3873237971144946	0.9999999999999998	0.35959713388939524	0.3030828617059024	0.3785641758883881	0.2870131055514625	0.5763330260930362	0.2936118307115934	0.3652628862084913	0.4927401734567272	0.22440159437992863	0.38858036512470767
LARS1	0.3531787371172852	0.162449444120058	0.37604726715471654	0.5109407706286113	0.2805634893757535	0.3359574424413036	0.2084309804423369	0.6929911719747414	0.5106726789424346	0.35959713388939524	0.9999999999999998	0.19039682168643243	0.4539102006163875	0.3344256882609039	0.5467714449902557	0.34177133788450187	0.22244290204398384	0.36420366382463387	0.057087169014841066	0.341900163027837
MARS1	0.4993309111201518	0.5114303457000339	0.364756036129817	0.3980608814434512	0.3513079720004373	0.39551942895098885	0.4946130609756661	0.2415474342679637	0.45386873197134997	0.3030828617059024	0.19039682168643243	1.0	0.4049777950447442	0.01355017710225722	0.3813954965097499	0.18212371957306708	0.6012901734193916	0.40392818049334994	0.2736412914538846	0.5012696453624771
NARS1	0.40370103323750217	0.3486123854863736	0.400294699127825	0.5150333676450228	0.32763084540023596	0.34835672918905763	0.34056938771321243	0.3274124850458642	0.5228065271141655	0.3785641758883881	0.4539102006163875	0.4049777950447442	0.9999999999999998	0.2959368816307849	0.35553769173758715	0.1495216412470831	0.3818877950976354	0.4717829078873068	0.07972484849067142	0.38025437233846027
QARS1	0.05991633304844586	0.11645611633890049	0.20579528367848096	0.22421004868125632	0.26867053634696536	0.1943557343393049	0.057712727744385614	0.26737531006897375	0.21666386910659333	0.2870131055514625	0.3344256882609039	0.01355017710225722	0.2959368816307849	0.9999999999999998	0.26204902063306645	0.2897724006006745	0.023725812769975273	0.40655456628612274	-0.12515253562221562	0.2432784098824653
RARS1	0.3057603963712091	0.3063845576081454	0.5494188022545883	0.5345697304203859	0.4066223630966801	0.5274845920020849	0.4711630368151846	0.5488770185286189	0.5610661121361675	0.5763330260930362	0.5467714449902557	0.3813954965097499	0.35553769173758715	0.26204902063306645	1.0	0.41363339016380046	0.507053137708368	0.4515217849718685	0.23960419652790008	0.4318103084385862
SARS1	0.1909552564567028	0.2573979450849476	0.31803259766347003	0.32940856071724745	0.3060472848876421	0.3373398455087392	0.2763843342255029	0.33738160337557166	0.3213639102470796	0.2936118307115934	0.3417713378845018	0.18212371957306708	0.1495216412470831	0.28977240060067444	0.41363339016380046	1.0	0.3245096461669166	0.2436111527026931	0.05766691700225562	0.41720121463383847
TARS1	0.4046014639751278	0.45476896819930884	0.4548584959426462	0.5270983010254637	0.38223718000354584	0.5269182847532505	0.5893444516600408	0.2164254195996193	0.5989483459628961	0.3652628862084913	0.22244290204398384	0.6012901734193916	0.3818877950976354	0.023725812769975273	0.507053137708368	0.32450964616691663	0.9999999999999998	0.3457568435225367	0.2282098862211562	0.49182096372903567
VARS1	0.37757465412812413	0.3574549315156435	0.3821861626793338	0.5199860424064532	0.5262957072166723	0.478244714696918	0.3984205559192468	0.40221077630621593	0.4382867892051114	0.4927401734567272	0.36420366382463387	0.40392818049334994	0.4717829078873068	0.40655456628612274	0.4515217849718684	0.24361115270269312	0.3457568435225367	0.9999999999999998	0.11949621647022242	0.4493783499207133
WARS1	0.08905887999482921	0.21154838013741853	0.18168978593261484	0.042514323347132246	0.1785084542250862	0.14464626278445256	0.19392766070994188	0.16218400882053555	0.21533409822054003	0.22440159437992863	0.057087169014841066	0.27364129145388455	0.07972484849067142	-0.12515253562221562	0.2396041965279001	0.05766691700225562	0.2282098862211562	0.11949621647022242	0.9999999999999998	0.124711010995317
YARS1	0.4853670178920103	0.4721598851948625	0.36037135234494994	0.5146852139036148	0.35735287769140883	0.4806713969341333	0.5464851189605348	0.33841042265415316	0.48612762127684955	0.38858036512470767	0.341900163027837	0.5012696453624772	0.38025437233846027	0.2432784098824653	0.4318103084385862	0.4172012146338385	0.49182096372903567	0.4493783499207133	0.124711010995317	0.9999999999999998
