signature	gene
Proliferation	ABL1
Proliferation	AMD1
Proliferation	ARID4A
Proliferation	ATF5
Proliferation	ATRX
Proliferation	AURKA
Proliferation	AURKB
Proliferation	BARD1
Proliferation	BCL3
Proliferation	BIRC5
Proliferation	BRCA2
Proliferation	BUB1
Proliferation	BUB3
Proliferation	CASP8AP2
Proliferation	CBX1
Proliferation	CCNA2
Proliferation	CCNB2
Proliferation	CCND1
Proliferation	CCNF
Proliferation	CCNT1
Proliferation	CDC20
Proliferation	CDC25A
Proliferation	CDC25B
Proliferation	CDC27
Proliferation	CDC45
Proliferation	CDC6
Proliferation	CDC7
Proliferation	CDK1
Proliferation	CDK4
Proliferation	CDKN1B
Proliferation	CDKN2C
Proliferation	CDKN3
Proliferation	CENPA
Proliferation	CENPE
Proliferation	CENPF
Proliferation	CHAF1A
Proliferation	CHEK1
Proliferation	CHMP1A
Proliferation	CKS1B
Proliferation	CKS2
Proliferation	CTCF
Proliferation	CUL1
Proliferation	CUL3
Proliferation	CUL4A
Proliferation	CUL5
Proliferation	DBF4
Proliferation	DDX39A
Proliferation	DKC1
Proliferation	DMD
Proliferation	DR1
Proliferation	DTYMK
Proliferation	E2F1
Proliferation	E2F2
Proliferation	E2F3
Proliferation	E2F4
Proliferation	EFNA5
Proliferation	EGF
Proliferation	ESPL1
Proliferation	EWSR1
Proliferation	EXO1
Proliferation	EZH2
Proliferation	FANCC
Proliferation	FBXO5
Proliferation	FOXN3
Proliferation	G3BP1
Proliferation	GINS2
Proliferation	GSPT1
Proliferation	H2AX
Proliferation	H2AZ1
Proliferation	H2AZ2
Proliferation	H2BC12
Proliferation	HIF1A
Proliferation	HIRA
Proliferation	HMGA1
Proliferation	HMGB3
Proliferation	HMGN2
Proliferation	HMMR
Proliferation	HNRNPD
Proliferation	HNRNPU
Proliferation	HOXC10
Proliferation	HSPA8
Proliferation	HUS1
Proliferation	ILF3
Proliferation	INCENP
Proliferation	JPT1
Proliferation	KATNA1
Proliferation	KIF11
Proliferation	KIF15
Proliferation	KIF20B
Proliferation	KIF22
Proliferation	KIF23
Proliferation	KIF2C
Proliferation	KIF4A
Proliferation	KIF5B
Proliferation	KMT5A
Proliferation	KNL1
Proliferation	KPNA2
Proliferation	KPNB1
Proliferation	LBR
Proliferation	LIG3
Proliferation	LMNB1
Proliferation	MAD2L1
Proliferation	MAP3K20
Proliferation	MAPK14
Proliferation	MARCKS
Proliferation	MCM2
Proliferation	MCM3
Proliferation	MCM5
Proliferation	MCM6
Proliferation	MEIS1
Proliferation	MEIS2
Proliferation	MKI67
Proliferation	MNAT1
Proliferation	MT2A
Proliferation	MTF2
Proliferation	MYBL2
Proliferation	MYC
Proliferation	NASP
Proliferation	NCL
Proliferation	NDC80
Proliferation	NEK2
Proliferation	NOLC1
Proliferation	NOTCH2
Proliferation	NSD2
Proliferation	NUMA1
Proliferation	NUP50
Proliferation	NUP98
Proliferation	NUSAP1
Proliferation	ODC1
Proliferation	ODF2
Proliferation	ORC5
Proliferation	ORC6
Proliferation	PAFAH1B1
Proliferation	PBK
Proliferation	PDS5B
Proliferation	PLK1
Proliferation	PLK4
Proliferation	PML
Proliferation	POLA2
Proliferation	POLE
Proliferation	POLQ
Proliferation	PRC1
Proliferation	PRIM2
Proliferation	PRMT5
Proliferation	PRPF4B
Proliferation	PTTG1
Proliferation	PTTG3P
Proliferation	PURA
Proliferation	RACGAP1
Proliferation	RAD21
Proliferation	RAD23B
Proliferation	RAD54L
Proliferation	RASAL2
Proliferation	RBL1
Proliferation	RBM14
Proliferation	RPA2
Proliferation	RPS6KA5
Proliferation	SAP30
Proliferation	SFPQ
Proliferation	SLC12A2
Proliferation	SLC38A1
Proliferation	SLC7A1
Proliferation	SLC7A5
Proliferation	SMAD3
Proliferation	SMARCC1
Proliferation	SMC1A
Proliferation	SMC2
Proliferation	SMC4
Proliferation	SNRPD1
Proliferation	SQLE
Proliferation	SRSF1
Proliferation	SRSF10
Proliferation	SRSF2
Proliferation	SS18
Proliferation	STAG1
Proliferation	STIL
Proliferation	STMN1
Proliferation	SUV39H1
Proliferation	SYNCRIP
Proliferation	TACC3
Proliferation	TENT4A
Proliferation	TFDP1
Proliferation	TGFB1
Proliferation	TLE3
Proliferation	TMPO
Proliferation	TNPO2
Proliferation	TOP1
Proliferation	TOP2A
Proliferation	TPX2
Proliferation	TRA2B
Proliferation	TRAIP
Proliferation	TROAP
Proliferation	TTK
Proliferation	UBE2C
Proliferation	UBE2S
Proliferation	UCK2
Proliferation	UPF1
Proliferation	WRN
Proliferation	XPO1
Proliferation	YTHDC1
ATF4_TRRUST	APOE
ATF4_TRRUST	ASNS
ATF4_TRRUST	ATF3
ATF4_TRRUST	ATG5
ATF4_TRRUST	BGLAP
ATF4_TRRUST	CA9
ATF4_TRRUST	CCL2
ATF4_TRRUST	CEBPB
ATF4_TRRUST	CHAC1
ATF4_TRRUST	CXCL8
ATF4_TRRUST	DDIT3
ATF4_TRRUST	DDIT4
ATF4_TRRUST	DDR2
ATF4_TRRUST	DISC1
ATF4_TRRUST	F7
ATF4_TRRUST	FGF19
ATF4_TRRUST	FGF21
ATF4_TRRUST	HRK
ATF4_TRRUST	HSPA5
ATF4_TRRUST	IGFBP1
ATF4_TRRUST	IL6
ATF4_TRRUST	IRF7
ATF4_TRRUST	MAP1LC3B
ATF4_TRRUST	MCL1
ATF4_TRRUST	NDC80
ATF4_TRRUST	NUPR1
ATF4_TRRUST	PLAU
ATF4_TRRUST	PTGS2
ATF4_TRRUST	S100P
ATF4_TRRUST	SIGMAR1
ATF4_TRRUST	SIRT1
ATF4_TRRUST	SIRT2
ATF4_TRRUST	TNFRSF10B
ATF4_TRRUST	TRIB3
ATF4_TRRUST	VEGFA
ATF4_UPR	ALDH18A1
ATF4_UPR	ARFGAP1
ATF4_UPR	ASNS
ATF4_UPR	ATF3
ATF4_UPR	ATF4
ATF4_UPR	ATF6
ATF4_UPR	ATP6V0D1
ATF4_UPR	BAG3
ATF4_UPR	BANF1
ATF4_UPR	CALR
ATF4_UPR	CCL2
ATF4_UPR	CEBPB
ATF4_UPR	CEBPG
ATF4_UPR	CHAC1
ATF4_UPR	CKS1B
ATF4_UPR	CNOT2
ATF4_UPR	CNOT4
ATF4_UPR	CNOT6
ATF4_UPR	CXXC1
ATF4_UPR	DCP1A
ATF4_UPR	DCP2
ATF4_UPR	DCTN1
ATF4_UPR	DDIT4
ATF4_UPR	DDX10
ATF4_UPR	DKC1
ATF4_UPR	DNAJA4
ATF4_UPR	DNAJB9
ATF4_UPR	DNAJC3
ATF4_UPR	EDC4
ATF4_UPR	EDEM1
ATF4_UPR	EEF2
ATF4_UPR	EIF2AK3
ATF4_UPR	EIF2S1
ATF4_UPR	EIF4A1
ATF4_UPR	EIF4A2
ATF4_UPR	EIF4A3
ATF4_UPR	EIF4E
ATF4_UPR	EIF4EBP1
ATF4_UPR	EIF4G1
ATF4_UPR	ERN1
ATF4_UPR	ERO1A
ATF4_UPR	EXOC2
ATF4_UPR	EXOSC1
ATF4_UPR	EXOSC10
ATF4_UPR	EXOSC2
ATF4_UPR	EXOSC4
ATF4_UPR	EXOSC5
ATF4_UPR	EXOSC9
ATF4_UPR	FKBP14
ATF4_UPR	FUS
ATF4_UPR	GEMIN4
ATF4_UPR	GOSR2
ATF4_UPR	H2AX
ATF4_UPR	HERPUD1
ATF4_UPR	HSP90B1
ATF4_UPR	HSPA5
ATF4_UPR	HSPA9
ATF4_UPR	HYOU1
ATF4_UPR	IFIT1
ATF4_UPR	IGFBP1
ATF4_UPR	IMP3
ATF4_UPR	KDELR3
ATF4_UPR	KHSRP
ATF4_UPR	KIF5B
ATF4_UPR	LSM1
ATF4_UPR	LSM4
ATF4_UPR	MTHFD2
ATF4_UPR	MTREX
ATF4_UPR	NABP1
ATF4_UPR	NFYA
ATF4_UPR	NFYB
ATF4_UPR	NHP2
ATF4_UPR	NOLC1
ATF4_UPR	NOP14
ATF4_UPR	NOP56
ATF4_UPR	NPM1
ATF4_UPR	PAIP1
ATF4_UPR	PARN
ATF4_UPR	PDIA5
ATF4_UPR	PDIA6
ATF4_UPR	POP4
ATF4_UPR	PREB
ATF4_UPR	PSAT1
ATF4_UPR	RPS14
ATF4_UPR	RRP9
ATF4_UPR	SDAD1
ATF4_UPR	SEC11A
ATF4_UPR	SEC31A
ATF4_UPR	SERP1
ATF4_UPR	SHC1
ATF4_UPR	SLC1A4
ATF4_UPR	SLC30A5
ATF4_UPR	SLC7A5
ATF4_UPR	SPCS1
ATF4_UPR	SPCS3
ATF4_UPR	SRPRA
ATF4_UPR	SRPRB
ATF4_UPR	SSR1
ATF4_UPR	STC2
ATF4_UPR	TATDN2
ATF4_UPR	TSPYL2
ATF4_UPR	TTC37
ATF4_UPR	TUBB2A
ATF4_UPR	VEGFA
ATF4_UPR	WFS1
ATF4_UPR	WIPI1
ATF4_UPR	XBP1
ATF4_UPR	XPOT
ATF4_UPR	YIF1A
ATF4_UPR	YWHAZ
ATF4_UPR	ZBTB17
