ROLE	PROJECT	SOURCE
expression_tpm	ACC	https://gdc-hub.s3.us-east-1.amazonaws.com/download/TCGA-ACC.star_tpm.tsv.gz
expression_tpm	BLCA	https://gdc-hub.s3.us-east-1.amazonaws.com/download/TCGA-BLCA.star_tpm.tsv.gz
expression_tpm	BRCA	https://gdc-hub.s3.us-east-1.amazonaws.com/download/TCGA-BRCA.star_tpm.tsv.gz
expression_tpm	CESC	https://gdc-hub.s3.us-east-1.amazonaws.com/download/TCGA-CESC.star_tpm.tsv.gz
expression_tpm	CHOL	https://gdc-hub.s3.us-east-1.amazonaws.com/download/TCGA-CHOL.star_tpm.tsv.gz
expression_tpm	COAD	https://gdc-hub.s3.us-east-1.amazonaws.com/download/TCGA-COAD.star_tpm.tsv.gz
expression_tpm	DLBC	https://gdc-hub.s3.us-east-1.amazonaws.com/download/TCGA-DLBC.star_tpm.tsv.gz
expression_tpm	ESCA	https://gdc-hub.s3.us-east-1.amazonaws.com/download/TCGA-ESCA.star_tpm.tsv.gz
expression_tpm	GBM	https://gdc-hub.s3.us-east-1.amazonaws.com/download/TCGA-GBM.star_tpm.tsv.gz
expression_tpm	HNSC	https://gdc-hub.s3.us-east-1.amazonaws.com/download/TCGA-HNSC.star_tpm.tsv.gz
expression_tpm	KICH	https://gdc-hub.s3.us-east-1.amazonaws.com/download/TCGA-KICH.star_tpm.tsv.gz
expression_tpm	KIRC	https://gdc-hub.s3.us-east-1.amazonaws.com/download/TCGA-KIRC.star_tpm.tsv.gz
expression_tpm	KIRP	https://gdc-hub.s3.us-east-1.amazonaws.com/download/TCGA-KIRP.star_tpm.tsv.gz
expression_tpm	LAML	https://gdc-hub.s3.us-east-1.amazonaws.com/download/TCGA-LAML.star_tpm.tsv.gz
expression_tpm	LGG	https://gdc-hub.s3.us-east-1.amazonaws.com/download/TCGA-LGG.star_tpm.tsv.gz
expression_tpm	LIHC	https://gdc-hub.s3.us-east-1.amazonaws.com/download/TCGA-LIHC.star_tpm.tsv.gz
expression_tpm	LUAD	https://gdc-hub.s3.us-east-1.amazonaws.com/download/TCGA-LUAD.star_tpm.tsv.gz
expression_tpm	LUSC	https://gdc-hub.s3.us-east-1.amazonaws.com/download/TCGA-LUSC.star_tpm.tsv.gz
expression_tpm	MESO	https://gdc-hub.s3.us-east-1.amazonaws.com/download/TCGA-MESO.star_tpm.tsv.gz
expression_tpm	OV	https://gdc-hub.s3.us-east-1.amazonaws.com/download/TCGA-OV.star_tpm.tsv.gz
expression_tpm	PAAD	https://gdc-hub.s3.us-east-1.amazonaws.com/download/TCGA-PAAD.star_tpm.tsv.gz
expression_tpm	PCPG	https://gdc-hub.s3.us-east-1.amazonaws.com/download/TCGA-PCPG.star_tpm.tsv.gz
expression_tpm	PRAD	https://gdc-hub.s3.us-east-1.amazonaws.com/download/TCGA-PRAD.star_tpm.tsv.gz
expression_tpm	READ	https://gdc-hub.s3.us-east-1.amazonaws.com/download/TCGA-READ.star_tpm.tsv.gz
expression_tpm	SARC	https://gdc-hub.s3.us-east-1.amazonaws.com/download/TCGA-SARC.star_tpm.tsv.gz
expression_tpm	SKCM	https://gdc-hub.s3.us-east-1.amazonaws.com/download/TCGA-SKCM.star_tpm.tsv.gz
expression_tpm	STAD	https://gdc-hub.s3.us-east-1.amazonaws.com/download/TCGA-STAD.star_tpm.tsv.gz
expression_tpm	TGCT	https://gdc-hub.s3.us-east-1.amazonaws.com/download/TCGA-TGCT.star_tpm.tsv.gz
expression_tpm	THCA	https://gdc-hub.s3.us-east-1.amazonaws.com/download/TCGA-THCA.star_tpm.tsv.gz
expression_tpm	THYM	https://gdc-hub.s3.us-east-1.amazonaws.com/download/TCGA-THYM.star_tpm.tsv.gz
expression_tpm	UCEC	https://gdc-hub.s3.us-east-1.amazonaws.com/download/TCGA-UCEC.star_tpm.tsv.gz
expression_tpm	UCS	https://gdc-hub.s3.us-east-1.amazonaws.com/download/TCGA-UCS.star_tpm.tsv.gz
expression_tpm	UVM	https://gdc-hub.s3.us-east-1.amazonaws.com/download/TCGA-UVM.star_tpm.tsv.gz
id_gene_mapping	all	https://gdc-hub.s3.us-east-1.amazonaws.com/download/gencode.v36.annotation.gtf.gene.probemap
tumour_purity_absolute	all	https://api.gdc.cancer.gov/data/4f277128-f793-4354-a13d-30cc7fe9f6b5
gene_sets	MSigDB_Hallmark_2020	G2-M Checkpoint | Unfolded Protein Response
gene_sets	TRRUST_Transcription_Factors_2019	ATF4 human
